index,브랜드명,매장수,상호,대표자,법인설립등기일,사업자등록일,대표번호,대표팩스번호,사업자유형,법인등록번호,사업자등록번호,주소
0,미콩커피,8,미콩커피본사,조항성,-,2020-11-12,001-577-0541,000000000,개인,-,628-18-01312,우 : 34553 대전광역시 동구 홍도로 14 201호(홍도동)
1,컵넛(cupnut),23,컵넛(cupnut),박근민,-,2019-01-03,051-1577-7381,-,개인,-,340-03-02455,우 : 46272 부산광역시 금정구 부곡로 133-15 1층 cupnut
2,고더커피,8,고더커피,심재용,-,2021-07-15,051-555-7716,-,개인,-,602-48-00642,"우 : 47736 부산광역시 동래구 온천천로 165 101동 121호(명륜동, 동래롯데캐슬퀸)"
3,"오늘도, 카페일리터",96,카페일리터,한초롱,-,2016-01-18,016700170,000,개인,-,825-11-00235,우 : 10424 경기도 고양시 일산동구 호수로430번길 7-9 1층(백석동)
4,영커피,39,(주)영투게더컴퍼니,장영생,2019-03-22,2019-03-22,051-1811-7590,051-783-0199,법인,180111-1208297,603-87-01395,우 : 48051 부산광역시 해운대구 재반로165번길 121 1층
5,사생활,8,(주)화합과전진,"김성훈, 심영근",2021-02-01,2021-02-01,070-5033-7759,000-0000-0000,법인,110111-7768744,353-87-02000,"우 : 08375 서울특별시 구로구 디지털로31길 41 312-207호 (구로동, 이앤씨벤처드림타워6차)"
6,달다곰이,35,씨앰비즈(주),서보람,2020-11-13,2020-12-01,1577-8149,-,법인,110111-7683380,591-86-01891,우 : 06030 서울특별시 강남구 논현로175길 40 지상1층 102호
7,청솔로9,61,청솔로9가맹본부,김태우,-,2019-06-24,1666-8663,070-7543-6466,개인,-,474-09-01090,"우 : 42162 대구광역시 수성구 청수로 62, 6층(상동)"
8,더플롯커피(THE PLOT COFFEE),9,더플롯(THEPLOT),이영주,-,2014-09-20,070-8840-1884,050-4082-0663,개인,-,109-15-73575,"우 : 07572 서울특별시 강서구 공항대로45길 7 (등촌동, 1층)"
9,몬스터커피,65,㈜몬스터,안기수,2019-09-25,2019-09-25,053-313-3683,000-0000-0000,법인,170111-0739138,490-81-01540,우 : 41422 대구광역시 북구 팔거천동로 217 104호(동천동)
10,욤카페,14,욤(Yom),신재원,-,2021-05-04,00,000,개인,-,591-25-01153,우 : 16443 경기도 수원시 팔달구 화양로 17-2 1층 101호(화서동)
11,크레페,6,케이밥,김경민,-,2020-12-01,032-865-3334,0,개인,-,313-12-03060,"인천광역시 미추홀구 주안로90번길 6, 1층 102호(주안동)"
12,댄싱컵(DANCINGCUP),63,(주)위드런,조기원,2015-02-03,2015-02-03,02-1600-1728,051-784-7172,법인,180111-0955790,617-86-26520,"우 : 48059 부산광역시 해운대구 센텀중앙로 90 16층 1604호(재송동, 큐비이센텀)"
13,디커피,2,디커피:DCOFFEE,강동호,-,2021-05-20,02-883-3031,000-0000-0000,개인,-,278-47-00587,"우 : 08793 서울특별시 관악구 인헌6길 16 108호 (봉천동, 원당빌딩)"
14,카페게이트,133,(유)에브라임이노베이션,권순문,2001-04-23,2009-09-09,02-6248-5600,02-3446-7135,법인,110114-0119633,110-81-51144,우 : 04102 서울특별시 마포구 고산길 23 3층
15,쿼드커피(QUAD COFFEE),17,(주)쿼드코리아,이현재,2020-11-23,2020-11-27,1522-4490,043-274-2805,법인,150111-0297958,624-81-01992,우 : 28805 충청북도 청주시 서원구 가장로 348 2층(장암동)
16,루시카토 베이크카페,17,(주)루시카토,강인석,2008-06-23,2008-06-23,02-6925-0036,070-4015-2271,법인,110111-3920265,110-81-82671,우 : 10858 경기도 파주시 탄현면 새오리로 435 _
17,꽈페,15,(주)케이디저트,이준호,2021-12-27,2021-12-27,02-332-7567,02-332-7567,법인,110111-8142830,420-80-02365,우 : 03982 서울특별시 마포구 동교로46길 20 3층
18,카페우드진,4,(주)스테디웨이브,신선혜,2021-09-01,2021-09-07,1833-5044,-,법인,110111-8011168,649-87-02309,"우 : 07802 서울특별시 강서구 공항대로 209 8층 810호(마곡동, 지엠지엘스타)"
19,트리플에이커피,53,(주)트리플컴퍼니,권창성,2020-04-29,2020-05-21,032-428-5296,032-426-5296,법인,120111-1068726,858-86-01552,"우 : 21582 인천광역시 남동구 선수촌공원로23번길 11 702호 24-5호 (구월동, 네이쳐프라자)"
20,캘리포니아도넛클럽,7,주식회사 릴라이어블피플,이명수,2021-12-24,2021-12-24,070-8872-1267,031-911-8057,법인,285011-0490677,423-81-02684,"경기도 고양시 일산서구 강성로 271,205-21호(대화동, 대화씨티빌)"
21,타타스베이글,7,주식회사 티에이,조금봉,2022-06-10,2022-06-24,1577-1379,041-577-5506,법인,161511-0321574,758-86-02659,"충청남도 천안시 동남구 신흥2길 43, 2동(신방동)"
22,요고 프로즌요거트(YOGO FROZEN YOGURT),5,(주)웰니스레시피,김지연,2021-10-15,2022-01-13,031-548-0401,050-401-3690,법인,135811-0429118,481-81-02318,"경기도 수원시 영통구 광교중앙로248번길 7-2, D동 207호(하동, 원희캐슬광교)"
23,이삐커피(yippee coffee),13,㈜이삐커피,이희정,2020-02-06,2020-02-12,1670-5828,051-204-1139,법인,180111-1267714,819-81-01848,우 : 46759 부산광역시 강서구 신호산단4로 54 3층(신호동)
24,커피 로드뷰,3,(유)올드브릭컴퍼니,장미정,2021-02-05,2021-02-22,010-5767-0603,000-000-0000,법인,210114-0149647,137-86-54520,우 : 55101 전라북도 전주시 완산구 황학6길 1-2 (동서학동)
25,핑크트럭 츄러스,6,핑크트럭츄러스,윤현희,-,2020-10-28,010-7124-1922,-,개인,-,672-05-01696,"우 : 10089 경기도 김포시 태장로 820 , 1층 105호(장기동, 엠프라자)"
26,카페마일로,15,(주)마일로,양현민,2021-12-29,2022-01-01,1600-2623,-,법인,180111-1413135,804-86-02419,"우 : 48515 부산광역시 남구 분포로 145 더블유스퀘어동 1층 1065호(용호동, 더블유)"
27,아아수혈,11,수혈컴퍼니,"김태호, 김재호",-,2021-01-01,0000-0000,-,개인,-,461-18-01344,우 : 01397 서울특별시 도봉구 도봉로 634 3층(창동)
28,스프링캔,7,마그네이트코리아,김나윤,-,2019-06-05,4610-2245,-,개인,-,651-05-01350,"우 : 48400 부산광역시 남구 전포대로 133 15층(문현동,WEWORK BICF)"
29,카페이수페,1,카페이수페,허정희,-,2018-11-12,044-866-0218,050-4046-5356,개인,-,479-01-01240,"세종특별자치시 남세종로 441, 상가1동 1층 107호(보람동, 호려울마을5단지)"
30,애니커피하우스,3,애니커피하우스,김도원,-,2021-04-25,1588-6334,000,개인,-,780-02-02165,우 : 63591 제주특별자치도 서귀포시 동문로 10 1층
31,다수니와플,42,(주)다수니,황다혜,2021-12-14,2021-12-24,010-2319-3155,-,법인,110111-8128434,207-88-02567,우 : 08776 서울특별시 관악구 신원로 40-9 지하1층 제11호(신림동)
32,스몰굿,19,한일인터내셔널(주),오지현,2007-05-15,2007-06-10,1522-0684,051-808-0385,법인,180111-0593285,606-86-03357,우 : 47018 부산광역시 사상구 가야대로64번길 34 (학장동)
33,발도스커피(valdos coffee),60,조이풀컴퍼니(주),최인혁,2009-06-05,2009-07-15,032-551-1003,032-551-1503,법인,120111-0498429,122-86-05560,"우 : 21314 인천광역시 부평구 새벌로 29 312호 313호 314호(청천동, 부평테크노타워)"
34,나나니스캔디,2,스윗드림,김영진,-,2013-02-18,033-254-4610,033-254-4612,개인,-,224-16-41097,우 : 26465 강원도 원주시 봄마중길 2-2 1층 101호(반곡동)
35,포트캔커피 PORT CAN COFFEE,71,(주)포트코퍼레이션,심상진,2021-07-05,2021-07-09,02-1544-8173,02-2212-2505,법인,110111-7946241,860-81-02559,"우 : 08019 서울특별시 양천구 오목로 138 1층 102호 일부 (신정동, 신정스포렉스)"
36,스쿱스젤라또,9,스쿱스젤라또,정석주,-,2018-05-05,02-0000-0000,-,개인,-,470-22-00633,우 : 28525 충청북도 청주시 상당구 사직대로 366 1층
37,그릴로(GRILLRO),4,(주)푸드넷시스템,최경업,2006-07-13,2006-07-20,02-6205-2121,02-6205-2126,법인,110111-3493957,106-86-44917,우 : 06711 서울특별시 서초구 남부순환로 2395 702호
38,벨렘351,4,빌리프,김대겸,-,2014-06-01,1899-5613,-,개인,-,602-09-39736,우 : 46702 부산광역시 강서구 대저로299번길 6 1동(대저1동)
39,홍루이젠,249,(주)타이웨이,송원섭,2017-11-02,2017-11-10,02-6382-8190,02-6338-8187,법인,110111-6556752,730-86-00779,우 : 10564 경기도 고양시 덕양구 삼송로 12 7층 701호 702호
40,디알해쉬커피,1,해쉬커피본점,손보영,-,2019-11-27,055-232-6967,-,개인,-,873-35-00638,우 : 51240 경상남도 창원시 마산회원구 내서읍 광려로 22 1층
41,옐로우팜(YELLOW FARM),7,옐로우팜,김경순,-,2020-06-05,1577-9053,063-241-0186,개인,-,750-08-01658,우 : 55351 전라북도 완주군 용진읍 상운길 46-10 .
42,채우다,10,(주)채움에프앤비,김아라,2020-04-09,2020-05-01,031-976-7450,031-907-7450,법인,285011-0438180,512-87-01861,우 : 10335 경기도 고양시 일산동구 소개울1길 71 황금빌딩 4층 (주)채움에프앤비
43,봉명동내커피,76,(주)비엠디,김 지우,2021-03-08,2021-03-08,1899-2968,-,법인,150111-0303987,234-86-02129,우 : 28581 충청북도 청주시 흥덕구 직지대로436번길 76 1034호
44,커피식구,6,(주)커피식구컴퍼니,경광배,2020-07-01,2020-07-01,02-6246-4300,000-0000-0000,법인,110111-7538816,456-87-01727,우 : 06738 서울특별시 서초구 강남대로34길 53 남정빌정 1층(양재동)
45,헬리빈커피(HELIBEAN COFFEE),5,(주)헬리빈,임윤주,2017-02-23,2017-02-24,001-899-9388,000000000000,법인,175011-0020980,278-81-00693,우 : 42981 대구광역시 달성군 논공읍 논공로 626 1층
46,운커피(WOON COFFEE),4,(주)남쪽나라,오세형,2017-02-20,2017-02-22,02-1855-2026,051-818-8108,법인,180111-1079763,169-86-00657,우 : 47305 부산광역시 부산진구 전포대로176번길 23 3층 (전포동)
47,점프(JUMP),20,(주)범브로스,구범서,2022-01-10,2022-01-24,010-7518-5679,043-234-5958,법인,150111-0322383,417-88-02368,우 : 28399 충청북도 청주시 흥덕구 풍년로142번길 19 (가경동)
48,와커피 (WA’ COFFEE),9,(주)정철,안정철,2021-05-18,2021-05-24,1599-8006,000-000-0000,법인,180111-1363843,892-81-02255,우 : 50510 경상남도 양산시 장기터1길 29-29 1동(주남동)
49,샐러드로우앤트라타,31,(주)샐러드로우앤트라타,김성규,2019-08-08,2019-08-27,02-457-2498,-,법인,110111-7197092,318-86-01559,"우 : 05026 서울특별시 광진구 아차산로 345 2층 205호(자양동, 래미안프리미어팰리스)"
50,3X-LARGE COFFEE,12,(주)정명에프앤비,오동호,2019-08-21,2019-08-21,031-982-5617,031-982-5618,법인,124411-0242496,893-87-01697,우 : 10090 경기도 김포시 태장로 765 616호
51,카페마차(Cafe Macha),5,카페티,유지나,-,2020-05-01,6529-3587,000,개인,-,798-03-01714,우 : 01221 서울특별시 강북구 월계로7길 17 우측(미아동)
52,땡큐베리머치,1,땡큐베리머치,신선미,-,2017-08-27,010-6794-0905,000000000,개인,-,533-18-00543,우 : 34915 대전광역시 중구 중교로 49 지하1층(대흥동)
53,교동도나스1979,31,(주)교동에프씨,장영숙,2020-11-10,2021-02-01,1661-6811,050-4038-3342,법인,174811-0108799,365-88-01831,우 : 38607 경상북도 경산시 삼성현로 635-1 1
54,커피스토어,19,(주)디아이디코리아드링크,정희동,2022-01-13,2022-01-13,1600-8158,-,법인,180111-1416402,143-86-02482,"우 : 47542 부산광역시 연제구 중앙대로1039번길 4 301호(연산동, 수호빌딩)"
55,오슬랑,13,(주)고구려에프앤비,마건희,2020-06-22,2020-06-22,1644-0653,050-4180-1238,법인,170111-0776594,610-86-35329,우 : 41942 대구광역시 중구 동성로5길 44 (삼덕동1가)
56,빨라쪼델프레도,28,(주)빨라쪼,박재구,2002-12-18,2002-12-18,02-709-7817,02-709-7819,법인,110111-2676257,211-87-26090,우 : 04352 서울특별시 용산구 한강대로72길 3 2층 빨라쪼
57,바빈스,43,(주)퍼스트에이엔티,백호근,2002-08-27,2002-08-27,02-717-3380,02-717-9976,법인,110111-2596611,105-86-43818,우 : 03925 서울특별시 마포구 월드컵북로 402 KGIT센터 1505호
58,에이쓰리바우트커피,1,(주)에이쓰리바우트커피,김사원,2016-09-02,2016-09-08,02-704-0701,02-704-0701,법인,110111-6167509,166-87-00451,우 : 06035 서울특별시 강남구 강남대로154길 19 지층
59,봄봄테이크아웃(봄봄TAKE-OUT),291,(주)봄봄,이승은,2019-03-11,2019-03-14,070-7817-1100,053-756-7373,법인,170111-0714685,805-81-01591,우 : 42121 대구광역시 수성구 달구벌대로 2280 4층(수성동1가)
60,놀러와플,20,(주)아디씨,김형민,2020-09-17,2020-09-17,010-5560-1993,02-0000-0000,법인,110111-7627221,546-86-02018,"우 : 06214 서울특별시 강남구 언주로 408 B14호(역삼동, 역삼자이상가)"
61,꽈로플,8,㈜제이피에프엔비,정동주 박한수,2021-07-15,2021-07-26,02-6953-8664,-,법인,110111-7959153,524-81-02221,우 : 06570 서울특별시 서초구 도구로16길 3 4층 402호
62,호밀호두,56,(주)호밀호두,이광복,2008-06-27,2008-07-07,02-552-5152,02-6713-7020,법인,110111-3924093,220-87-68435,우 : 06176 서울특별시 강남구 영동대로76길 8 굳후렌드빌딩 2층
63,팔공티,334,(주)팔공티,김종현,2018-08-17,2018-08-24,1577-8246,070-8673-0354,법인,110111-6846137,669-88-01126,"우 : 12902 경기도 하남시 미사강변한강로 155 제9층 901호(망월동, 미사강변에스케이브이1센터)"
64,파란만잔,17,(주)파란만잔,한경민,2018-06-15,2018-07-01,02-3144-7856,02-3144-7866,법인,110111-6781416,570-86-01050,"우 : 04150 서울특별시 마포구 대흥로 60 지하2층(대흥동, 스카이빌딩)"
65,어벤더치커피,59,(주)카페폴인,장원우,2015-09-11,2015-09-11,1599-9673,-,법인,180111-0992560,624-87-00170,우 : 46026 부산광역시 기장군 정관읍 산단5로 76-62 2층
66,슈퍼커피,30,(주)슈퍼커피,김경호,2014-03-28,2014-04-01,02-2631-6017,02-2138-6017,법인,110111-5377795,107-88-16043,"우 : 07291 서울특별시 영등포구 영등포로 106 102,103,105층"
67,모리셔스브라운(Mauritius Brown),19,(주)서진,박종원,2018-07-20,2018-09-23,015226398,050-4372-7859,법인,110111-6818756,321-86-01012,우 : 12925 경기도 하남시 미사대로 510 10층 1018호
68,송사부수제쌀고로케,96,(주)마스터에프엔비,"강지훈, 허윤재",2018-04-10,2018-04-10,02-2675-5175,02-2676-5175,법인,110111-6715788,705-81-00991,"우 : 07205 서울특별시 영등포구 양평로22길 21 제11층 제에이1112호(양평동5가, 선유도 코오롱디지털타워)"
69,트루먼커피,2,카페마이플레이스,김지욱,-,2017-12-09,051-731-1835,-,개인,-,749-27-00418,"우 : 48119 부산광역시 해운대구 마린시티2로 33 104동 219, 220호"
70,스트릿츄러스,58,(주)솔라벨,소상우,2014-10-20,2014-10-22,02-6263-0303,02-796-3103,법인,110111-5541506,106-87-09917,우 : 04345 서울특별시 용산구 녹사평대로46길 16-4 (이태원동)
71,베브릿지,20,(주)월드베브릿지,"조현우, 김연지",2015-09-18,2015-11-02,1522-8337,02-966-5661,법인,110111-5841675,345-88-00139,우 : 02440 서울특별시 동대문구 휘경로 4 3층(이문동)
72,베이리프커피(BAYLEEF COFFEE),13,(주)지제이케이홀딩스,정요섭,2016-04-15,2016-04-15,070-8624-8304,050-3396-8304,법인,110111-6033429,270-87-00444,우 : 12918 경기도 하남시 조정대로 35 3층 F301호
73,카페606,7,(주)세영에프앤비,장세영,2016-01-11,2016-02-16,001-522-6006,051-980-7070,법인,180111-1012672,304-88-00254,우 : 51600 경상남도 창원시 진해구 남의로 109 (두동)
74,로반스윗,10,(주)로반스윗,배영윤,2017-04-06,2017-03-20,02-414-9972,02-0000-0000,법인,110111-6368157,628-81-00684,우 : 05108 서울특별시 광진구 뚝섬로52마길 50-12 201호
75,쥬씨(JUICY),447,(주)쥬씨,윤석제,2015-06-26,2015-07-01,02-1522-1028,02-2294-1028,법인,110111-5765304,720-81-00137,우 : 04788 서울특별시 성동구 왕십리로16가길 24 (성수동1가)
76,오니와플,8,오니와플,도해인,-,2019-11-18,000-0000-0000,000000000000,개인,-,507-14-38514,우 : 38852 경상북도 영천시 삼산길 22-4 1층
77,더노벰버 라운지,18,더노벰버(주),최석률,2006-07-03,2006-07-01,032-832-1982,032-832-1982,법인,110111-3487158,211-87-84066,"우 : 22009 인천광역시 연수구 컨벤시아대로230번길 42 1층 123호(송도동, 송도아라플라자)"
78,카페아에,24,(주)아에,김수철,2020-06-01,2020-06-01,000,031-874-0089,법인,280211-0210167,580-88-01857,우 : 11661 경기도 의정부시 가능로 28-3 2층
79,알리바바(ALIBABA),64,알리바바파트너스(주),김지환,2016-04-28,2016-04-30,02-711-4572,02-711-4577,법인,110111-6046662,570-88-00434,"우 : 05855 서울특별시 송파구 송파대로 167 제A동 제2층 201호(문정동, 문정역테라타워)"
80,더벤티,946,(주)에스앤시세인,"최준경, 박수암, 강삼남",2015-07-22,2015-07-22,1661-4553,051-583-0224,법인,180111-0984351,534-88-00122,"우 : 48058 부산광역시 해운대구 센텀서로 30 25층 2507호(우동, 케이엔엔타워)"
81,반달커피,75,루나에프엔비(주),"장은지, 이미혜",2020-01-17,2020-01-17,1833-6011,050-4418-3531,법인,134511-0430708,273-87-01699,우 : 17027 경기도 용인시 처인구 포곡읍 포곡로124번길 17 1층 좌측 일부호(영광빌딩)
82,모쿠816(Moku816),3,(주)사실주의컴퍼니,김범준,2017-09-08,2017-09-20,010-2956-0502,02-544-0502,법인,110111-6511293,684-87-00944,우 : 06046 서울특별시 강남구 논현로131길 12 3층(논현동)
83,어오케이커피(A.OK COFFEE),9,(주)어오케이컴퍼니,최정민,2021-01-06,2021-01-11,070-4186-0881,-,법인,180111-1334422,372-87-01958,우 : 47301 부산광역시 부산진구 서전로57번길 45 5층(전포동)
84,하이커피,3,하이커피(HIGHCOFFEE),박형일,-,2021-09-01,1566-6039,-,개인,-,459-13-01929,우 : 62276 광주광역시 광산구 첨단중앙로106번길 29 1층
85,동네커피,45,동네컴퍼니,정인숙,-,2021-06-23,1811-9245,-,개인,-,722-25-01382,우 : 46722 부산광역시 강서구 금호순서길 31-4 .
86,쥬청과,5,순수유통(주),고두현,2000-01-04,2000-01-11,02-409-9137,02-409-4683,법인,116511-0030005,132-81-33433,우 : 05827 서울특별시 송파구 송이로 165 수일빌딩 6층 (순수유통)
87,더베이크,27,세영이지(주),윤성민,2009-04-15,2009-04-20,02-6279-1289,02-3147-0306,법인,110111-4078865,110-81-85775,우 : 03779 서울특별시 서대문구 신촌로 99 (창천동)
88,에슬로우 커피(ESLOW COFFEE),36,(주)에슬로우,조재근,2015-03-03,2015-03-09,02-558-7710,-,법인,285011-0288163,291-86-00046,우 : 06194 서울특별시 강남구 선릉로90길 64 1층(대치동)
89,모도,18,모도,조은빛,-,2020-09-17,02-0000-0000,02-0000-0000,개인,-,695-22-00964,우 : 51363 경상남도 창원시 마산회원구 합성옛길 29 1층
90,블루빈스커피,14,(주)블루빈스커피,박근원,2020-08-28,2020-09-03,018990940,031-551-4433,법인,284111-0240211,694-87-01955,우 : 10401 경기도 고양시 일산동구 무궁화로 32-34 204호
91,패스트카페,29,(주)피투피시스템즈,김영권,2001-08-08,2001-12-20,02-1588-5935,02-363-1026,법인,110111-2304171,110-81-53273,"우 : 03779 서울특별시 서대문구 연세로 10-1 (창천동,즐거운빌딩 9층)"
92,오늘한과,1,(주)수요일,김혜지,2017-05-01,2017-05-10,02-0000-0000,02-0000-0000,법인,110111-6391455,749-87-00595,우 : 04029 서울특별시 마포구 잔다리로 77 5층 501호
93,카페희다,30,(주)희다,강성훈,2021-01-19,2021-01-19,02-2039-9131,-,법인,110111-7755486,562-86-02136,우 : 08513 서울특별시 금천구 벚꽃로 244 512호
94,감성커피,271,(주)비브라더스,이재영,2013-12-03,2013-12-02,02-401-1966,02-6937-1192,법인,110111-5283190,215-87-87293,우 : 05829 서울특별시 송파구 중대로12길 9 (가락동)
95,아이캔커피,24,두어컴퍼니,"서동호, 정윤희",-,2020-12-03,1855-2910,050-4184-6710,개인,-,445-11-01722,우 : 17870 경기도 평택시 용죽2로 30 311동 1003호
96,달빛과일,26,(주)달빛푸드,선유지,2021-05-24,2021-05-24,1577-1167,02-470-8403,법인,110111-7896389,104-88-02012,우 : 12986 경기도 하남시 초이로126번길 40 1층
97,복고다방,40,(주)에스엔인더스트리,이상준,2010-11-04,2010-11-06,02-1544-9552,02-448-9552,법인,110111-4464717,105-87-51085,우 : 08378 서울특별시 구로구 디지털로 306 1003호
98,요거트아이스크림맛집요맛,7,더히얼컴퍼니,이한얼,-,2022-02-17,4465-9877,-,개인,-,612-55-00614,우 : 63135 제주특별자치도 제주시 연북로 161 2층 16호
99,카페바움(KAFFEE BAUM),21,(주)더바움코리아,신철호,2017-05-30,2017-06-02,031-477-9648,031-477-9649,법인,134111-0469268,195-81-00821,"우 : 16071 경기도 의왕시 맑은내길 67 204호(오전동, 에이엘티지식산업센터)"
100,하이빙수,,(주)펀코리아,김득호,2019-02-22,2019-02-26,1644-5462,000,법인,110111-7022934,133-81-44699,우 : 05016 서울특별시 광진구 능동로13길 39 2층(화양동)
101,RITTO,1,주식회사 아이에스컴퍼니,배옥임,2020-06-18,2020-06-18,070-4175-1770,070-5175-0082,법인,134911-0097956,554-88-01799,"경기도 화성시 정남면 정남산단3길 35, 에이동"
102,크로앙쥬,51,㈜케이에이치파트너스,신경환,2021-01-20,2021-01-20,016884116,000,법인,135811-0410969,756-81-02207,우 : 16226 경기도 수원시 영통구 대학4로 9 201호
103,비엔나커피하우스,38,(주)제이엠케이,정의석,2013-03-06,2013-05-23,02-769-1104,02-6959-5644,법인,110111-5081510,211-88-95217,우 : 04778 서울특별시 성동구 왕십리로 58 지식산업센터 포휴 11층 1107호
104,THE 더 맛있는 과일&1L커피,11,(주)신아에프앤비,구경희,2021-02-18,2021-03-03,02-2686-1690,02-2687-1690,법인,131411-0485427,643-87-02000,우 : 15461 경기도 안산시 단원구 광덕서로 96 116호 일부
105,기기커피,2,(주)비티브랜즈코리아,이정우,2020-06-08,2020-06-11,02-1644-2437,02-2294-1028,법인,110111-7511268,287-87-02057,우 : 04780 서울특별시 성동구 성수일로 20 2층
106,천씨씨커피,68,더천씨씨코리아,이성규,-,2020-04-27,070-7659-1000,-,개인,-,657-71-00261,우 : 52518 경상남도 사천시 사천읍 읍내로 33 (정의리)
107,샐식당,13,샐푸드,백정엽,-,2021-06-01,0000000,02-6442-4945,개인,-,228-10-62243,우 : 32805 충청남도 계룡시 엄사면 전원로 5-14 201호
108,요요일,2,요요일,이재철,-,2020-12-14,2877-2944,-,개인,-,280-19-01529,우 : 04701 서울특별시 성동구 왕십리로 410 디동 201호
109,블럭제빵소,47,(주)블럭제빵소,박재영,2017-08-22,2017-09-04,001-833-9874,000000000,법인,131111-0491230,342-88-01032,"우 : 13587 경기도 성남시 분당구 불정로376번길 31 604동 216호 (서현동, 효자촌 주상복합)"
110,크로플로,11,(주)희라이프파트너스,이보라,2021-10-08,2021-10-15,1600-7327,-,법인,110111-8048400,715-87-02251,우 : 07720 서울특별시 강서구 강서로 145 제1층 102호
111,뉴플레이스커피,,(주)뉴플레이스에프엔비,강장훈,2022-01-18,2022-01-20,02-511-9924,02-511-9925,법인,110111-8171673,543-86-02324,우 : 06083 서울특별시 강남구 영동대로 602 6층
112,메이젠,50,(주)메이젠,조광구,2018-08-23,2018-08-08,032-837-4177,-,법인,120111-0954067,712-86-01329,"우 : 21990 인천광역시 연수구 송도미래로 30 비동 906호(송도동, 스마트밸리)"
113,날쌘카페,56,날쌘카페(주),안지현,2018-01-26,2018-02-05,031-634-7755,031-0000-0000,법인,110111-6642246,394-86-01010,우 : 17302 경기도 이천시 신둔면 원적로 151 -
114,텐퍼센트스페셜티커피,375,(주)더쉐프,김태경,2013-06-18,2013-06-18,1855-1727,051-996-7779,법인,180111-0865501,621-86-03303,우 : 47568 부산광역시 연제구 좌수영로 290 3층(연산동)
115,과일의숲,1,데일리푸드,김다해,-,2021-04-07,055-724-3002,050-5088-2893,개인,-,757-22-01446,우 : 51012 경상남도 김해시 대청로26번안길 20 1층 코너호(관동동)
116,우지커피(OOZYCOFFEE),5,우지(OOZY),이강원,-,2018-10-18,1811-9024,02-414-0242,개인,-,619-17-75657,"우 : 05550 서울특별시 송파구 오금로17길 14 201호(방이동, 월드빌딩)"
117,카페051(cafe051),209,(주)공오일,유기성,2020-12-18,2021-01-01,051-1577-7978,-,법인,180111-1331387,296-86-02068,우: 48059 부산시 해운대구 센텀중앙로 78(우동) 센텀그린타워 308호
118,브이카페,6,(주)브이앤케이코퍼레이션,정재학,2018-01-03,2018-01-02,02-554-7276,02-554-7277,법인,110111-6617455,616-86-28582,우 : 08506 서울특별시 금천구 가산디지털2로 98 1동 615호
119,올리버브라운카페,4,(주)올리버브라운코리아,박주한,2014-11-05,2014-11-05,02-330-4298,02-330-4297,법인,110111-5556480,110-86-15177,우 : 07327 서울특별시 영등포구 여의나루로 71 1층 101호
120,빙찌,27,(주)아디씨,김형민,2020-09-17,2020-09-17,010-5560-1993,02-0000-0000,법인,110111-7627221,546-86-02018,"우 : 06214 서울특별시 강남구 언주로 408 B14호(역삼동, 역삼자이상가)"
121,79파운야드(79 FOUNYARD),58,(주)에이알피에프엔비,"김종호, 함재승, 홍기호",2020-08-18,2020-08-18,1522-0405,000,법인,110111-7591757,608-88-01892,"우 : 04799 서울특별시 성동구 아차산로15길 52 3층 304호(성수동2가, 삼환디지털벤처타워)"
122,넉넉한샐러드앤커피,2,(주)빌드업메이트,문정희,2021-08-02,2021-08-02,02-2132-8213,02-6442-4921,법인,110111-7977212,643-87-02131,"우 : 03925 서울특별시 마포구 월드컵북로 396 알109호(상암동, 누리꿈스퀘어)"
123,페이브(fave),20,주식회사 지에프앤비,송현근,2018-09-14,2022-07-26,02-537-5013,02-532-8508,법인,110111-6846335,670-88-01048,"서울특별시 서초구 서초대로25길 32, 1층(방배동, 엠아이 빌딩)"
124,파더스베이글(father'sbagel),9,파더스베이글,황대산,-,2017-01-11,062-225-2289,000-000-0000,개인,-,267-08-00540,우 : 61482 광주광역시 동구 서석로 47-1 (충장로1가)
125,초록테이블,2,(주)따뜻한친구들,김용진,2020-04-02,2021-02-18,062-369-4560,053-655-0658,법인,200111-0594296,139-88-01741,우 : 61942 광주광역시 서구 내방로 231 2층(쌍촌동)
126,제이델링,10,엘제이에스컴퍼니,이재성,-,2019-12-13,010-9392-9462,000,개인,-,256-11-01156,우 : 28808 충청북도 청주시 상당구 호미로 14 104동 2103호
127,커피니(COFFEENIE),124,(주)커피니,우정선,2009-07-01,2009-07-01,02-546-1325,02-546-1335,법인,110111-4128371,211-88-28926,우 : 06017 서울특별시 강남구 언주로 866 5층(신사동)
128,삼송빵집,24,(주)삼송비엔씨(BNC),박성욱,2015-05-11,2015-05-21,053-556-3030,053-254-3031,법인,170111-0565575,720-87-00099,"우 : 41919 대구광역시 중구 경상감영길 40 1, 2, 7층(서문로1가, 삼성화재)"
129,몽슈슈,33,(주)몬쉘코리아,김수근,2013-05-20,2013-05-20,02-6205-3574,02-6205-0299,법인,110111-5138444,120-87-98468,"우 : 04794 서울특별시 성동구 아차산로 103 706호 ( 성수동2가, 영동테크노타워 )"
130,아덴블랑제리,21,와이제이와이푸드(주),최용진,2019-10-23,2019-12-01,051-639-7772,-,법인,180111-1246213,217-81-50145,"우 : 48400 부산광역시 남구 전포대로 133 (문현동,IFC부산판매시설내 GF)"
131,온리비커피(Only B COFFEE),6,(주)온리비컴퍼니,최한빈,2020-05-11,2020-06-01,051-1688-8635,051-747-8635,법인,180111-1288348,551-86-01840,"우 : 48060 부산광역시 해운대구 APEC로 17 3106호(우동, 센텀리더스마크)"
132,고팥슈,1,고팥슈,윤태노,2017-08-08,2020-09-02,1544-5539,-,개인,-,817-12-00677,우 : 12260 경기도 남양주시 경춘로 379 1층 일부
133,아메리칸에그샌드,23,(주)윌앤컴퍼니,최보경,2017-04-28,2017-05-18,02-575-0117,02-6280-0117,법인,110111-6389905,741-81-00740,우 : 12918 경기도 하남시 미사강변서로 25 5층 에프508호
134,유캔두잇,50,(주)할수있다,이호준,2021-03-11,2021-03-11,02-421-7557,02-412-6255,법인,110111-7803813,437-86-02015,우 : 05703 서울특별시 송파구 중대로 197 3층 305호 에이265 (가락동)
135,애플블러썸,8,애플블러썸,장지호,-,2014-10-21,02-1855-1970,02-1855-1970,개인,-,201-18-34409,"우 : 04579 서울특별시 중구 난계로 151 (신당동, 신당아르브 102호)"
136,디저트 39,407,(주)에스엠씨인터내셔널,"신민창, 최한나",2015-07-10,2015-07-01,1644-2927,02-501-3902,법인,110111-5778604,719-86-00092,우 : 06226 서울특별시 강남구 언주로 321 6층 (광진빌딩)
137,오우야에스프레소바,1,(주)엠비치오넴,김성빈,2018-12-24,2019-01-02,02-6958-9004,070-8624-0602,법인,110111-6964517,376-87-01339,우 : 03980 서울특별시 마포구 성미산로29안길 7 4층
138,백금당,30,백금당,최정락,-,2017-02-17,010-8899-0809,000-0000-0000,개인,-,515-15-01621,우 : 42452 대구광역시 남구 현충로 48 1층(대명동)
139,YOLE (욜레 Ice Cream & Frozen Yogurt),,주식회사 킬사코리아,권오숭,2019-04-15,2021-09-10,050713995092,-,법인,110111-7071105,674-87-01155,"서울특별시 마포구 백범로31길 21, 본관동 2층 지217호(공덕동, 서울창업허브)"
140,모노치즈,8,(주)어디로드,이달원,2016-08-26,2016-09-05,031-874-1888,031-873-0888,법인,280211-0157856,256-87-00467,우 : 11511 경기도 양주시 백석읍 중앙로93번길 96 1층 일부
141,카페인중독,92,(주)중독컴퍼니,김성우,2018-04-04,2018-04-09,02-1522-6133,02-702-5598,법인,110100-6709947,469-81-01094,우 : 06126 서울특별시 강남구 봉은사로20길 46 역삼동
142,시간을 들이다,1,시간을들이다,김서중,-,2017-06-05,02-812-2158,-,개인,-,512-41-00239,우 : 07042 서울특별시 동작구 국사봉길 37 1층
143,가드니아,6,(주)해피코리아,심명구,2019-02-12,2019-02-01,1566-0788,031-595-7756,법인,284111-0204308,858-81-01412,우 : 12243 경기도 남양주시 일패로 29(일패동) 1층
144,토리스타특별한커피,15,토리스타씨앤에스(toristarC&S),김현기,-,2016-04-13,042-273-9272,042-282-9273,개인,-,494-33-00218,우 : 34706 대전광역시 동구 석천로 99 (낭월동)
145,하이즈커피,,(주)펀하이즈,김득호,2021-11-15,2021-11-15,1644-5462,000,법인,110111-8091706,815-81-02597,"우 : 04799 서울특별시 성동구 아차산로17길 49 1407호(성수동2가, 생각공장데시앙플렉스)"
146,마시그래이,78,(주)에스이엠,정영주,2014-04-18,2014-04-24,053-474-9511,053-474-9522,법인,170111-0526436,502-86-32017,우 : 42048 대구광역시 수성구 국채보상로 1022 2층
147,천미리,6,천미리커피,최명화,-,2020-11-09,001-644-4508,050-4333-5376,개인,-,551-27-00882,우 : 50907 경상남도 김해시 가락로 276 1층(구산동)
148,밀화당,2,(주)밀화당,조민재,2021-08-04,2021-08-10,00,-,법인,135511-0387867,447-86-02399,우 : 14999 경기도 시흥시 장현능곡로 155 2층 2047호
149,홍콩다방,29,(주)홍콩다방코리아,윤지환,2020-12-02,2020-12-07,070-4032-5310,02-2675-0333,법인,110111-7702817,889-87-02061,우 : 07217 서울특별시 영등포구 당산로41길 11 제7층 제이703호(당산동4가)
150,와플칸,153,(주)와플칸,김동찬,2020-09-11,2020-09-30,070-7773-9797,000-0000-0000,법인,180111-1314979,665-88-01876,우 : 49418 부산광역시 사하구 장평로299번안길 42 신평동(신평동)
151,아임요거트,10,냉정과열정사이,김대호,-,2020-08-10,4893-3957,-,개인,-,580-41-00659,우 : 04757 서울특별시 성동구 마장로 316-1 2층
152,돌빙커피,2,(주)돌빙에프엔비,권순영,-,2021-12-07,031-938-6808,000,법인,134511-0550647,521-81-02445,우 : 17054 경기도 용인시 처인구 명지로16번길 26 상가 119동 1층 비101호(역북동)
153,엔제리너스,535,롯데지알에스(주),차우철,1979-10-25,1979-10-25,02-709-1114,02-709-1003,법인,110111-0262850,106-81-23498,우 : 04322 서울특별시 용산구 한강대로71길 47 (갈월동)
154,파리바게뜨,3046,(주)파리크라상,"황재복, 이명욱",1986-10-17,1987-01-15,02-2276-6000,050-5073-0144,법인,110111-0508311,129-81-07244,우 : 13220 경기도 성남시 중원구 사기막골로31번길 18 (상대원동)
155,하삼동커피,560,(주)하삼동,한지혜,2020-04-01,2020-04-14,051-941-0318,051-941-5123,법인,180111-1281136,462-81-01716,"우 : 46726 부산광역시 강서구 명지국제2로28번길 23 2동 309호(명지동, 네오웨스턴스퀘어)"
156,에그셀런트,77,(주)다이닝팩토리,이광호,2015-04-23,2015-06-08,02-1544-3794,02-3452-1097,법인,110111-5705714,709-86-00080,우 : 06114 서울특별시 강남구 강남대로122길 15 6층(논현동)
157,모두계란빵,,모두계란빵,김성민,-,2022-03-02,070-4047-084,-,개인,-,493-10-02024,"경기도 군포시 산본로323번길 10-18, 104호"
158,소미담 떡카페,,소미담,정보구,-,2021-09-30,010-7232-6433,-,개인,-,264-36-01034,"경기도 남양주시 진접읍 해밀예당1로 28, 1층 일부(진접농협 연평지점)"
159,조선다방,27,(주)내조국국밥,박영호,2020-07-16,2020-07-17,1661-0553,030334445251,법인,206211-0075743,436-87-02042,우 : 59631 전라남도 여수시 삼동3길 10 .
160,앤티앤스,243,(주)재원푸드,오현준,2001-02-01,2001-02-05,02-587-0955,02-587-0956,법인,110111-2161034,220-86-04977,"우 : 06716 서울특별시 서초구 반포대로 22 10층(서초동, 서초평화빌딩)"
161,드롭탑(DROPTOP),219,(주)다도글로벌,임문수,2010-07-21,2010-08-01,02-541-7800,02-541-0111,법인,110111-4397835,211-88-47165,"우 : 06526 서울특별시 서초구 강남대로 601 8층, 7층"
162,나뚜루(Natuur),55,롯데제과(주),"신동빈, 민명기",2017-10-12,2017-10-01,02-2670-6166,02-2670-6184,법인,110111-6536481,186-81-00924,우 : 07207 서울특별시 영등포구 양평로21길 10 롯데제과(주)
163,픽커스,,(주)더픽코리아,김지선,2021-09-08,2021-09-09,010-5270-8804,-,법인,285011-0483234,573-81-02204,우 : 10406 경기도 고양시 일산동구 일산로380번길 35-1 3층
164,블랙와인커피,4,(주)블랙와인커피,황규상,2018-12-20,2018-12-24,015447940,031-946-4964,법인,284911-0194587,602-88-01161,"우 : 10841 경기도 파주시 문산읍 방촌로 1234 1동, 2동, 3동"
165,시나본(CINNABON),26,블루빈컴퍼니(주),김태준,2011-10-11,2011-10-11,02-1644-0976,02-548-0978,법인,110111-4705385,110-81-97344,우 : 04768 서울특별시 성동구 서울숲2길 40 4층
166,메일빈24,11,(주)휴니크,"김영애, 서보라",2016-11-21,2016-11-25,02-2633-4350,02-2633-4351,법인,110111-6238045,148-81-00465,우 : 07299 서울특별시 영등포구 경인로 775 1-701호
167,메가엠지씨커피(MEGA MGC COFFEE),2059,(주)앤하우스,김대영,2010-11-30,2010-12-01,02-335-0656,02-325-5199,법인,110111-4481836,105-87-51367,우 : 03993 서울특별시 마포구 월드컵북로4길 81 1층
168,언택트카페무,6,(주)엠에스앤아이,김민성,2015-08-05,2015-08-10,02-1688-8642,02-6455-3299,법인,110111-5801794,898-88-00157,"우 : 06043 서울특별시 강남구 강남대로 584 6층(논현동, 성일빌딩)"
169,카페16온스,15,(주)카페16온스,"이주호, 이규호",-,2016-11-15,2412-3980,-,법인,180111-1411931,654-08-00609,"우 : 46291 부산광역시 금정구 부산대학로 29 2층 209호(장전동, 네오스퀘어)"
170,스므으커피,10,(주)제이제이디,박서인,2019-02-18,2019-02-18,001-800-3245,055-322-1197,법인,180111-1201647,362-88-01278,우 : 10256 경기도 고양시 일산동구 공릉천로 209-97 1동 2층(사리현동)
171,낼름,,(주)엔알엔알,박윤채,2021-10-07,2021-10-14,3894-5144,-,법인,204311-0042502,633-81-02296,우 : 57343 전라남도 담양군 담양읍 중앙로 63 2층
172,LQL터쿼이즈(TURQUOISE),1,(주)빅브라더,박대형,2013-03-14,2013-03-14,1599-7531,032-426-7531,법인,120111-0650368,121-86-24297,"우 : 21984 인천광역시 연수구 송도과학로16번길 13-18 410호(송도동, 송도건원테크노큐브)"
173,티블랙(TEA BLACK),10,(주)강남사람들,조광섭,2016-02-22,2016-03-02,070-8292-5532,000-000-0000,법인,110111-5980308,394-88-00238,우 : 05248 서울특별시 강동구 올림픽로 659 405호
174,커피홀(coffee hole),20,(자)동명식품서울지점,"박철진, 박재동",1984-12-27,1985-01-01,02-3663-3639,02-3664-7171,법인,191113-0000845,767-85-00342,"우 : 05836 서울특별시 송파구 법원로9길 26 C동 2층 202, 203호(문정동, 에이치비지니스파크)"
175,켄커피,1,켄커피(본점),변종호,-,2019-01-28,031-340-9919,000,개인,-,827-18-00787,우 : 13911 경기도 안양시 만안구 예술공원로 164-1 (안양동)
176,커피홀베이커리,30,(자)동명식품서울지점,"박철진, 박재동",1984-12-27,1985-01-01,02-3663-3639,02-3664-7171,법인,191113-0000845,767-85-00342,"우 : 05836 서울특별시 송파구 법원로9길 26 C동 2층 202, 203호(문정동, 에이치비지니스파크)"
177,아이엠도넛(IamDonut),41,(주)쿼드코리아,이현재,2020-11-23,2020-11-27,1522-4490,043-274-2805,법인,150111-0297958,624-81-01992,우 : 28805 충청북도 청주시 서원구 가장로 348 2층(장암동)
178,마이쥬스,12,(주)마이에프앤비,정진아,2015-02-11,2015-02-13,02-794-4550,02-702-1999,법인,110111-5640952,106-87-12334,"우 : 04637 서울특별시 중구 퇴계로 10 메트로타워 주차동 7층(남대문로5가, 서울로플라자)"
179,우주라이크(WOULDULIKE),133,(주)우주에프앤디,이우성,2016-12-06,2016-12-06,1661-6352,070-8129-7454,법인,280211-0161427,540-88-00544,"우 : 11619 경기도 의정부시 호국로 1049 102호(가능동, 스타파크빌)"
180,비커피(BEE COFFEE),5,(주)씨에프씨,강병만,2016-05-16,2016-05-12,051-741-1052,051-741-1056,법인,180111-1033842,515-86-00544,우 : 46332 부산광역시 금정구 공단로 60 3동 4층
181,파파도나스,31,(주)파파들,"이윤성, 이원일, 정인성, 이국진",2020-02-03,2020-02-12,02-312-0877,-,법인,110111-7375846,411-87-01495,"우 : 03767 서울특별시 서대문구 신촌로 189 1015호(대현동, 이화인비따레오피스텔)"
182,빽다방,1127,(주)더본코리아,백종원,1994-01-12,1994-01-21,02-549-3864,02-511-3864,법인,110111-1002122,211-86-00870,우 : 06119 서울특별시 강남구 봉은사로1길 39 5~6층
183,래디컬브루잉클럽,1,래디컬브루잉클럽,권도근,2020-11-06,2020-10-28,010-3872-6701,000-000-0000,개인,-,629-46-00662,"서울특별시 동대문구 안암로20길 7-12, 1층(제기동, 소연재)"
184,비트박스,1,(주)비트코퍼레이션,지성원,2020-10-01,2020-10-15,1661-1167,031-697-1424,법인,131111-0607423,235-81-02321,"경기도 성남시 분당구 분다로 55, 9층(서현동, 분당퍼스트타워)"
185,벤투스커피(VENTUS COFFEE),2,(주)카페홀릭,이재철,2013-08-21,2013-09-01,070-8719-1106,050-4371-1031,법인,110111-5209261,264-81-20647,"우 : 06150 서울특별시 강남구 테헤란로 327 17층 1736호(역삼동, 빅토리아빌딩)"
186,동백다방,,베이커리카페동백다방,"이종혁, 김현경",-,2019-06-21,010-5773-7558,-,개인,-,683-22-00753,"우 : 17006 경기도 용인시 기흥구 동백중앙로 265 1층 102, 103호"
187,아틀리에빈,35,아틀리에빈(주),이원희,2016-02-19,2016-02-19,053-814-1306,053-814-1307,법인,170111-0595150,529-88-00381,우 : 38664 경상북도 경산시 옥산로 217 (중산동)
188,브레댄코(bread&co.DAILY-NEW),47,(주)브레댄코,홍수현,1981-05-19,1981-06-01,02-532-6419,02-532-4047,법인,110111-0296247,114-81-43097,우 : 06588 서울특별시 서초구 방배로 166 한승빌딩 2층
189,크레이저커피(C.Razer Coffee),33,(주)크레이저커피그룹,전기홍,2014-11-12,2014-11-12,1899-9526,02-465-9525,법인,110111-5562792,204-86-55168,우 : 02405 서울특별시 동대문구 천장산로 32-2 1층 크레이저 커피
190,와필레(WAFILLE),,(주)솔라벨,소상우,2014-10-20,2014-10-22,02-6263-0303,02-796-3103,법인,110111-5541506,106-87-09917,우 : 04345 서울특별시 용산구 녹사평대로46길 16-4 (이태원동)
191,에그마카슈,10,에그마카슈,이민재,-,2016-08-25,070-8879-1105,050-4142-6727,개인,-,564-09-00341,우 : 03086 서울특별시 종로구 대학로12길 13 1층 3호(동숭동)
192,타이지엔,13,인피니티어뉴이티,이정우,-,2019-10-18,02-408-9968,000,개인,-,722-35-00683,"우 : 05719 서울특별시 송파구 송파대로 260 1621호(가락동, 제일오피스텔)"
193,커피베이,533,(주)커피베이,백진성,2009-11-23,2009-12-01,1644-1157,02-856-1157,법인,110111-4225359,119-86-23354,"우 : 08511 서울특별시 금천구 벚꽃로 254 201호, 201-1호(가산동, 월드메르디앙1차)"
194,카페CCD,11,(주)CCD,이설빈,2021-12-13,2022-01-01,1533-1794,000-000-0000,법인,194211-0344698,352-87-02308,"우 : 51592 경상남도 창원시 진해구 냉천로 156 408호(자은동,에이스빌딩)"
195,컴포즈커피(COMPOSE COFFEE),1620,(주)컴포즈커피,김진성,2021-10-08,2021-11-01,051-1899-5685,051-723-5686,법인,180111-1396068,521-81-02386,우 : 46079 부산광역시 기장군 기장읍 대변3길 11 1층
196,떼루와,29,(주)떼루와,마영재,2015-04-29,2015-05-18,1577-5721,033-745-3505,법인,110111-5710218,331-86-00043,"우 : 26310 강원도 원주시 소초면 송황유사길 100 ,"
197,카페베네,289,(주)카페베네,박그레타,2008-11-17,2008-12-01,02-1688-7200,02-3438-6815,법인,110111-4000925,206-86-29161,"우 : 04779 서울특별시 성동구 상원1길 25, 8층 8층"
198,할리스/할리스커피,556,(주)케이지할리스에프앤비,이종현,2005-02-01,2005-02-01,02-2188-7100,02-2188-7195,법인,110111-3163675,211-87-61044,우 : 03131 서울특별시 종로구 율곡로 88 8층
199,이디야커피,2885,(주)이디야,문창기,2002-04-02,2002-04-01,02-543-6467,02-543-7191,법인,110111-2487753,107-86-16302,우 : 06107 서울특별시 강남구 논현로 636 (논현동)
200,커피마마,312,티에고(주),박태고,2010-07-09,2010-07-09,02-434-2966,02-434-2963,법인,110111-4390152,204-86-21969,우 : 06067 서울특별시 강남구 삼성로133길 4 2층
201,usBaker(어스베이커),,(주)어스베이커,전용호,2022-01-21,2022-01-26,031-697-8142,031-697-8143,법인,131111-0660009,845-86-02405,"우 : 13461 경기도 성남시 분당구 운중로 115 10층 1002호 (운중동, 판오션타워)"
202,뚜레쥬르,1311,씨제이푸드빌(주),김찬호,2000-06-07,2000-07-01,3768888,02-6740-4998,법인,161511-0036967,312-81-42519,우 : 04555 서울특별시 중구 마른내로 34 케이티앤지 을지로타워 (초동)
203,일리 카페 (illy Caffe),30,(주)큐로에프앤비,조중기,2007-07-04,2007-07-04,02-3460-4960,02-3460-4966,법인,110111-3712042,107-86-92969,"우 : 06159 서울특별시 강남구 테헤란로77길 7 (삼성동, 동원빌딩 2층)"
204,공차,833,(주)공차코리아,김의열,2011-09-27,2011-09-27,02-779-7758,02-779-7759,법인,110111-4694918,214-88-84534,"우 : 03160 서울특별시 종로구 종로 47 7층(공평동, 한국스탠다드차타드은행 빌딩)"
205,커피에반하다,550,(주)커피에반하다,임은성,2013-07-19,2013-07-19,1522-4228,031-905-8835,법인,284911-0117539,141-81-35978,우 : 10880 경기도 파주시 지목로 9 2층(신촌동)
206,배스킨라빈스,1671,비알코리아(주),도세호,1985-06-07,1986-03-31,080-555-3131,050-5073-0347,법인,131111-0005693,303-81-09535,우 : 27651 충청북도 음성군 삼성면 금일로 955-25 비알코리아(주)
207,프렌치크로플,,프렌치 크로플,이숭희,-,2021-11-11,010-2434-6631,-,개인,-,289-67-00547,"서울특별시 강북구 노해로23길 32, 1층 102호(수유동, 수정빌)"
208,파리공방(Paris Atelier),,(주)아이윈,윤한주,2017-04-28,2017-04-29,1661-0054,070-8290-9595,법인,110111-6389715,624-87-00700,"우 : 06132 서울특별시 강남구 테헤란로25길 20 1401호(역삼동, 역함현대벤쳐텔)"
209,타르타르,16,바른FC,김영일,-,2013-04-12,016709242,031-998-5519,개인,-,121-23-70947,우 : 10113 경기도 김포시 김포대로679번길 14-3 3층 304호
210,플라타너스(PLATANUS),5,(주)세화에프앤씨,윤형만,2011-03-08,2011-12-19,02-2244-0096,02-2244-0097,법인,110111-4551556,408-81-93788,우 : 02633 서울특별시 동대문구 천호대로 357 606호(장안동)
211,밀크로지,,밀크로지F&B,정일남,-,2021-12-15,0000000,050-4484-5883,개인,-,263-18-01508,우 : 14067 경기도 안양시 동안구 시민대로 230 A동 206호
212,타래커피1998,,(주)느낌1998,양성미,2021-10-20,2021-10-22,1533-2988,02-577-1994,법인,110111-8062426,223-88-02249,우 : 06779 서울특별시 서초구 언남길 15-3 3층
213,카페미뇽,47,(주)굿베이크아이엔,온승상,2020-06-25,2020-07-21,02-2634-8982,02-2634-8983,법인,110111-7533113,204-88-01725,"우 : 13201 경기도 성남시 중원구 사기막골로105번길 27 3층 301~304호(상대원동, 중앙인더스피아3)"
214,클로리스(CHLORIS),8,(주)클로리스,김석준,2011-08-09,2011-08-09,02-557-7523,-,법인,110111-4665357,105-87-61055,"우 : 06236 서울특별시 강남구 테헤란로 146 12층 1211호(역삼동, 현익빌딩)"
215,"카페,달조리법",,"카페,달조리법(cafe,달조리법)",유상준,-,2018-10-20,070-8621-3600,-,개인,-,887-58-00295,우 : 47304 부산광역시 부산진구 전포대로210번길 8 1층
216,COFFEE COOK (커피쿡),58,(주)빅트리컴퍼니,고영권,2019-01-21,2019-01-25,02-6736-2593,02-6753-2594,법인,110111-6992071,294-88-01223,"우 : 07583 서울특별시 강서구 강서로56가길 35 2층(등촌동, 에이티투아이앤티빌딩)"
217,전광수커피,15,(주)전광수커피,전광수,2017-12-14,2018-01-01,02-778-0595,02-778-0596,법인,135711-0125320,639-86-00952,"우 : 12930 경기도 하남시 조정대로 150 2층 226호 (덕풍동, 하남지식산업센터)"
218,카페홀릭,5,(주)카페홀릭,이재철,2013-08-21,2013-09-01,070-8719-1106,050-4371-1031,법인,110111-5209261,264-81-20647,"우 : 06150 서울특별시 강남구 테헤란로 327 17층 1736호(역삼동, 빅토리아빌딩)"
219,셀렉토커피,245,(주)맥스원이링크,황규연,2005-08-29,2005-09-01,1600-5649,02-6340-1701,법인,110111-3296054,109-81-99153,우 : 08389 서울특별시 구로구 디지털로26길 61 1402호(에이스하이엔드타워2차)
220,잇츠 그린(it's green),,파티아이디어,홍수정,-,2012-05-01,02-416-3105,-,개인,-,215-14-82862,우 : 05666 서울특별시 송파구 백제고분로42길 11 2층
221,19티(TEA),38,(주)참인포텍,홍기량,2007-11-27,2007-11-27,1661-8009,02-571-1955,법인,110111-3794800,214-88-18470,우 : 06782 서울특별시 서초구 논현로13길 11 5층
222,아임일리터,75,㈜아임일리터,임시훈,2019-02-12,2019-02-11,042-252-1121,042-252-1126,법인,160111-0507074,557-88-01288,우 : 34920 대전광역시 중구 대종로 451 3층(대흥동)
223,쥬스킹(JUICE KING),17,(주)엠투에프앤비,김홍준,2017-03-28,2017-03-30,1899-2639,000-000-0000,법인,160111-0451982,436-86-00519,우 : 34155 대전광역시 유성구 동서대로5번길 47-12 (구암동)
224,캔카페,12,(주)추앤서에프앤비,추민구,2021-08-24,2021-08-30,02-318-4566,02-332-5993,법인,110111-8001953,501-88-01999,우 : 04516 서울특별시 중구 서소문로 89 17층
225,트루단(TRUEDAN),1,(주)제이제이디,박서인,2019-02-18,2019-02-18,001-800-3245,055-322-1197,법인,180111-1201647,362-88-01278,우 : 10256 경기도 고양시 일산동구 공릉천로 209-97 1동 2층(사리현동)
226,라운지엑스,,(주)라운지랩,황성재,2019-05-29,2021-06-04,02-6101-0011,-,법인,110111-7122669,105-88-16839,"서울특별시 성동구 아차산로17길 48, 1동 401호"
227,탐앤탐스커피(TOMNTOMS COFFEE),256,(주)탐앤탐스,김도균,2004-12-18,2004-12-21,02-546-0781,02-546-1907,법인,110111-3134072,215-86-65050,"우 : 06031 서울특별시 강남구 논현로163길 10 2층 (신사동, 베드로빌딩)"
228,요거프레소,489,(주)현진홀딩스,최민호,2007-11-20,2007-11-20,02-2065-0776,02-2065-7161,법인,110111-3791252,109-86-10925,"우 : 04038 서울특별시 마포구 양화로 122 B1/2F(서교동,LAB7)"
229,투썸플레이스,1362,투썸플레이스(주),이영상,2018-02-01,2018-02-01,080-723-2323,02-2058-6782,법인,110111-6648062,404-86-01054,우 : 04548 서울특별시 중구 을지로 170 을지로트윈타워 동관 8층
230,호두붐,,(주)딜라이트박스,유양이,2020-12-16,2020-12-16,02-507-7873,-,법인,134111-0568721,524-87-01767,"우 : 13821 경기도 과천시 말두레로 73 , 3층(과천동)"
231,던킨/던킨도너츠,645,비알코리아(주),도세호,1985-06-07,1986-03-31,080-555-3131,050-5073-0347,법인,131111-0005693,303-81-09535,우 : 27651 충청북도 음성군 삼성면 금일로 955-25 비알코리아(주)
232,쿠크봉,12,(주)와이어즈,조석현,2017-12-11,2017-11-01,02-512-1533,02-6442-1566,법인,110111-6593952,691-87-00786,"우 : 61472 광주광역시 동구 금남로 193-22 5층 503호(금남로4가, 광주에이아이창업캠프)"
233,서울도넛츠,7,(주)천운컴퍼니,김선영,2020-06-09,2020-06-17,02-6734-2020,02-6734-2019,법인,110111-7511945,708-88-01697,"우 : 07803 서울특별시 강서구 공항대로 247 11층 1119호(마곡동, 퀸즈파크나인)"
234,코코호도,184,(주)샤마,권기택,2006-11-13,2006-11-15,001-588-1303,031-339-4080,법인,131111-0174521,129-86-03092,우 : 16886 경기도 용인시 처인구 모현읍 능원로10번길 19 .
235,엑스오엑스오 핫도그앤커피,346,(주)메가쓰리팝,"서희원, 황광기",2015-07-07,2015-07-17,02-1522-0727,02-2093-2069,법인,131111-0415305,706-87-00109,"우 : 07547 서울특별시 강서구 양천로 583 B동 13층 1301호(염창동, 우림블루나인)"
236,토프레소,192,(주)에스앤큐플러스,오종환,2012-08-22,2012-08-31,02-537-8296,030302911087,법인,110111-4943422,106-86-88346,우 : 06045 서울특별시 강남구 학동로 157 원일빌딩 5층
237,설빙,540,(주)설빙,정용만,2013-08-21,2013-08-21,02-3401-7900,02-447-8755,법인,180111-0874875,602-81-62460,"우 : 05510 서울특별시 송파구 올림픽로 319 8, 11층(신천동)"
238,더카페,195,(주)이랜드이츠,황성윤,2019-07-01,2019-07-01,02-1577-1259,02-856-0809,법인,110111-7155412,514-86-01083,우 : 08502 서울특별시 금천구 가산디지털1로 186 213호
239,쿠바문화원,,(주)쿠바에프앤비,장동석,2020-06-22,2020-06-26,02-6949-5954,000-000-0000,법인,110111-7529063,325-86-01921,"서울특별시 강남구 남부순환로351길 24, 5층(도곡동, 구정빌딩)"
240,더리터(THE LITER),385,(주)희천,"김대환, 김나미, 한정수",2015-11-16,2015-11-16,1670-7762,051-980-2240,법인,180111-1002665,666-87-00214,우 : 47216 부산광역시 부산진구 중앙대로 950 (양정동)
241,크리스피크림,160,롯데지알에스(주),차우철,1979-10-25,1979-10-25,02-709-1114,02-709-1003,법인,110111-0262850,106-81-23498,우 : 04322 서울특별시 용산구 한강대로71길 47 (갈월동)
242,명랑시대쌀핫도그,597,명랑시대외식청년창업협동조합,이종형,2016-09-20,2016-09-20,1600-0399,042-472-9476,법인,165251-0009615,601-87-00459,"우 : 34168 대전광역시 유성구 대학로 27 14층 1409호(봉명동, 유성현대리조텔)"
243,그린고메,,그린 고메(Green Gourmet),윤현진,-,2018-08-20,02-6080-7573,000-000-0000,개인,-,233-35-00577,"서울특별시 강남구 논현로 102길 6, 1층 (역삼동)"
244,세븐투텐,,(주)앤플러스9,김재남,2013-01-10,2018-07-13,02-6953-2358,02-6953-2368,법인,110111-5042182,107-87-85747,"서울특별시 금천구 서부샛길 606, 지하1층 105호-78호"
245,펄스맥 커피,8,(주)펄맨,김대현,2016-09-19,2016-10-04,042-487-0099,042-487-0096,법인,160111-0435960,437-87-00580,우 : 35221 대전광역시 서구 월평로13번길 52 (월평동)
246,쿠오레(Cuore),3,(주)쿠오레,박진성,2016-06-30,2016-09-19,070-7750-9230,0,법인,110111-6107274,541-86-00301,"우 : 06729 서울특별시 서초구 강남대로 275 1층(서초동, 강남메인타워)"
247,와플킹,1,(주)서래스터,박철,2009-04-29,2009-05-01,02-1688-3450,02-2216-3450,법인,110111-4087981,209-81-48371,우 : 02438 서울특별시 동대문구 망우로21길 52 C동 203호
248,Bread Farm(빵농장),,(주)빵선생,박재현,2020-09-15,2020-10-05,02-2663-4770,02-2663-4771,법인,134811-0568777,817-86-01736,"우 : 13201 경기도 성남시 중원구 사기막골로105번길 25 3층 306호, 307호(상대원동, 중앙인더스피아제2공장)"
249,소보롱,6,케익타르트,민복기,-,2002-06-20,031-310-8774,031-629-6700,개인,-,123-22-74369,우 : 15425 경기도 안산시 단원구 능안로 81 4014호
250,디저트부티크엠,,디저트부티크엠,권민서,-,2017-02-27,070-7677-0771,053-218-0777,개인,-,209-32-62884,우 : 41051 대구광역시 동구 아양로 309 1층
251,카페 꽃이피다,10,(주)꽃이피다,김문환,2020-12-22,2021-01-10,1899-6494,000000000000,법인,170111-0800179,196-81-02308,우 : 41101 대구광역시 동구 안심로50길 22-1 1층(서호동)
252,빵장수단팥빵,37,(주)피쉐프코리아,박기태,2015-12-15,2015-12-15,1577-6876,053-256-0192,법인,170111-0588410,454-87-00299,우 : 41921 대구광역시 중구 북성로4길 43 -
253,더앨리(THE ALLEY),13,(주)앤그로운,이소연,2018-06-26,2018-07-02,02-515-3449,-,법인,110111-6793198,597-86-01263,우 : 06075 서울특별시 강남구 영동대로142길 27 지하층 4호(청담동)
254,45초 커피,,(주)씨에이치제이,김찬현,2013-11-05,2013-11-12,070-4849-0891,031-425-9292,법인,134111-0371611,138-81-88601,"우 : 14072 경기도 안양시 동안구 평촌대로 217 101동 410호 (호계동, 한솔센트럴파크I)"
255,벌크커피(BULK COFFEE),174,(주)벌크커피,이윤식,2016-11-09,2016-11-10,1661-4687,062-443-3800,법인,200111-0477583,654-87-00472,우 : 62328 광주광역시 광산구 사암로 398 4층(월곡동)
256,릴렉스라운지,,(주)오리지날스푼,송준호,2013-11-20,2013-11-20,1644-1038,02-516-3203,법인,110111-5272268,230-81-03193,"우 : 05549 서울특별시 송파구 올림픽로32길 48 3층(방이동, 보명빌딩)"
257,평화다방,4,(주)그레닉스,곽계민,2012-06-13,2012-06-12,02-512-6257,070-7561-6257,법인,110111-4890483,120-87-84324,"우 : 15845 경기도 군포시 공단로140번길 37 3층, 4층(당정동, 두림빌딩)"
258,바게뜨양,8,바게뜨양동의대점,양지민,-,2019-09-20,3838-5402,-,개인,-,255-02-01694,우 : 47336 부산광역시 부산진구 가야대로552번길 115 1층(가야동)
259,더웨이닝커피(THE WAIN-ING COFFEE),44,(주)웨이닝코리아,윤기남,2011-07-20,2011-07-20,051-582-5527,051-527-2770,법인,191111-0051983,613-81-61608,우 : 52825 경상남도 진주시 가호방아길 51-8 (주)웨이닝코리아
260,만랩커피,144,(주)만랩,조대훈,2015-11-11,2015-11-17,02-1544-1528,02-6008-4804,법인,110111-5887760,887-87-00295,"우 : 06221 서울특별시 강남구 언주로85길 24 7층(역삼동, 유니팜타워)"
261,카페루앤비,81,(주)루앤비,이용숙,2014-10-29,2014-11-01,1577-6239,02-2687-1690,법인,150111-0194914,317-81-45146,우 : 28525 충청북도 청주시 상당구 사직대로 360-1 지하1층(서문동)
262,더치앤빈,126,(주)진심코리아,이주성,2015-09-21,2015-10-01,02-1577-9403,02-568-8852,법인,121111-0295204,351-81-00251,우 : 06175 서울특별시 강남구 테헤란로114길 20 502호
263,데일리커피,6,데일리티(주),정성욱,2019-11-11,2019-11-11,02-1855-0128,02-420-2025,법인,110111-7277951,182-81-01687,"우 : 06626 서울특별시 서초구 서초대로78길 50 7층 LS-703호(서초동, 우영빌딩)"
264,스무디킹(SMOOTHIEKING),293,스무디킹코리아(주),송현석,2015-12-01,2015-12-15,02-550-2300,02-550-2301,법인,110111-5905033,390-81-00218,"우 : 04793 서울특별시 성동구 아차산로5길 7 7층(성수동2가, 아주디지털타워)"
265,베러먼데이,102,베러먼데이코리아(주),도경백,2018-12-17,2018-12-17,1899-8232,051-797-8242,법인,180111-1190684,475-81-01352,"우 : 48101 부산광역시 해운대구 해운대해변로 371 1층 101호(중동,솔레비치오피스텔)"
266,롤링핀,58,(주)롤링핀컴퍼니,"이범식, 민병선",2013-07-23,2013-07-29,031-791-2236,031-791-2238,법인,110111-5189869,206-86-80474,"우 : 12918 경기도 하남시 미사강변서로 16 1015, 1016, 1017, 1018호(풍산동, 하우스디스마트밸리)"
267,나우커피,463,㈜나우커피,이승기,2020-09-08,2020-09-09,1544-4866,055-313-4866,법인,195511-0249122,661-87-02046,우 : 51006 경상남도 김해시 칠산로399번길 20-19 1층
268,마리웨일237,68,(주)루시카토,강인석,2008-06-23,2008-06-23,02-6925-0036,070-4015-2271,법인,110111-3920265,110-81-82671,우 : 10858 경기도 파주시 탄현면 새오리로 435 _
269,씨이십칠(C27),13,(주)디앤지에프씨,김동관,2015-02-10,2015-02-24,02-544-9901,02-544-9908,법인,110111-5640225,298-87-00006,우 : 06033 서울특별시 강남구 도산대로15길 39 (신사동)
270,도넛킬러,2,㈜도넛킬러,김동관,2020-10-19,2020-10-19,02-543-9901,02-545-9901,법인,110111-7654406,352-88-02116,우 : 06033 서울특별시 강남구 도산대로15길 39 4층(신사동)
271,핵커피,1,(주)핵가족,양동모,2016-08-11,2016-08-11,02-2038-8444,02-2038-8446,법인,110111-6147543,594-87-00525,우 : 05328 서울특별시 강동구 올림픽로 664 327호
272,더착한커피,,대한통상(주),전광식,2013-01-22,2013-01-24,001-599-5602,02-2637-1700,법인,285011-0234827,128-86-84471,우 : 10542 경기도 고양시 덕양구 해포길 56-4 1층
273,라붐커피(LABOOM COFFEE),5,(주)라붐팩토리,최형식,2003-02-13,2014-05-09,031-424-3600,013-421-2229,법인,134111-0104161,123-81-85844,"우 : 14062 경기도 안양시 동안구 흥안대로456번길 8 , 2층(라붐빌딩)"
274,못난이꽈배기,117,(주)못난이푸드,김대영,2015-09-23,2015-09-30,041-1644-2926,041-561-2955,법인,161511-0187140,726-87-00200,우 : 31129 충청남도 천안시 동남구 영성로 27 1층(사직동)
275,데니스,25,데니스,이충열,-,2005-01-01,02-830-0588,02-867-2475,개인,-,119-11-51658,"우 : 08749 서울특별시 관악구 봉천로29길 17 (봉천동, 1층)"
276,핸즈커피 (HANDS COFFEE),84,(주)지핸즈,진경도,2012-09-27,2012-09-01,053-313-3476,053-313-3478,법인,170111-0473033,504-86-01276,우 : 41408 대구광역시 북구 도남길 61-9 핸즈커피
277,매스커피,34,(주)매스컴퍼니,이은재,2013-07-10,2013-08-01,053-1600-4765,053-289-4765,법인,170111-0499386,504-86-08401,우 : 41940 대구광역시 중구 공평로8길 29 2층
278,핸즈업,4,핸즈업,전용현,-,2020-11-06,02-1688-6418,000,개인,-,690-48-00620,우 : 02222 서울특별시 중랑구 사가정로45길 43 202호
279,스타벅스,1725,(주)스타벅스커피코리아,이석구,1997-09-11,1997-09-11,02-3015-1100,02-3015-1107,법인,110111-1461667,201-81-21515,우 : 04533 서울특별시 중구 소공로 112
280,카페수르,1,카페수르,박선민,-,2020-12-02,010-9833-7876,031000000,개인,-,107-63-00927,우 : 62234 광주광역시 광산구 풍영로101번길 22 상가1동 지하1층 B112호
281,PLAN (플랜),17,(주)카페플랜,김지훈,2021-05-18,2021-05-24,053-1661-4557,-,법인,170111-0820531,316-86-02061,우 : 41730 대구광역시 서구 달서로 282 2층(원대동3가)
282,TESTER COFFEE(테스터커피),1,테스터,양재석,-,2022-03-25,1522-2689,-,개인,-,888-17-01654,"우 : 15880 경기도 군포시 군포첨단산업2로7번길 8 , 10층 34호(부곡동,군포에이스 더블유밸리)"
283,카페일분,,(주)민성,양성환,2019-09-30,2019-10-01,2925-2585,-,법인,134511-0412681,621-87-01317,우 : 17006 경기도 용인시 기흥구 동백중앙로 191 제이802호
284,달콤,151,(주)다날에프엔비,박경철,2013-01-31,2013-02-01,001-661-1339,031-697-1443,법인,131111-0333341,144-81-09353,우 : 13591 경기도 성남시 분당구 분당로 55 9층
285,Every Coffee(에브리커피),2,에브리커피코리아,양우준,-,2021-02-04,1566-5219,070-4739-9451,개인,-,234-20-01503,우 : 41135 대구광역시 동구 방촌로15길 82 (방촌동)
286,파스쿠찌,535,(주)파리크라상,"황재복, 이명욱",1986-10-17,1987-01-15,02-2276-6000,050-5073-0144,법인,110111-0508311,129-81-07244,우 : 13220 경기도 성남시 중원구 사기막골로31번길 18 (상대원동)
287,픽미픽미아이스크림할인점,777,픽미픽미아이스,김세영,-,2020-05-29,1566-8793,02-897-0575,개인,-,375-66-00273,우 : 14348 경기도 광명시 새빛공원로 67 광명역자이타워 B동 413호
288,에스프레솔리,,(주)제이피브랜드,박종파,2019-04-05,2020-10-07,070-4257-9105,-,법인,285011-0408670,496-86-01451,"서울시 광진구 아차산로 78길 44, 605호"
289,Waffleek(와플릭),2,와플릭,남다현,-,2020-11-14,02-1661-4633,-,개인,-,521-05-01665,우 : 31991 충청남도 서산시 한마음13로 38 (석림동)
290,파라노이드,,(주)돌우물,임정환,2017-05-16,2020-01-01,02-6205-7022,02-6205-7006,법인,110111-6401387,473-88-01791,우 : 06111 서울특별시 강남구 강남대로128길 61 202호
291,라떼킹(Latteking),13,블루빈컴퍼니(주),김태준,2011-10-11,2011-10-11,02-1644-0976,02-548-0978,법인,110111-4705385,110-81-97344,우 : 04768 서울특별시 성동구 서울숲2길 40 4층
292,역세권,,역세권,한기정,-,2019-10-21,001-533-1885,010-4143-6076,개인,-,678-26-00860,우 : 43018 대구광역시 달성군 유가읍 테크노공원로 59 204호
293,줄리브,8,(주)줄리앤줄리아,강지연,2018-12-04,2018-12-04,032-270-6237,032-270-6238,법인,121111-0357682,104-87-01262,우 : 14556 경기도 부천시 조마루로385번길 122 710호
294,빽다방빵연구소,6,(주)더본코리아,백종원,1994-01-12,1994-01-21,02-549-3864,02-511-3864,법인,110111-1002122,211-86-00870,우 : 06119 서울특별시 강남구 봉은사로1길 39 5~6층
295,GLOER,20,(주)위벨롭먼트,정승민,2018-07-11,2018-07-16,1811-8051,031-401-1944,법인,131411-0415630,329-88-01081,"우 : 15476 경기도 안산시 단원구 광덕대로 137 6층 601호, 602호, 603호, 604호(고잔동, 밀레니엄빌딩)"
296,피카커피,,(주)디더블유씨,금도원,2021-01-19,2021-02-01,053-813-0703,053-813-0704,법인,174811-0110257,402-88-02181,우 : 38538 경상북도 경산시 압량읍 압독3로2길 3-11 1층
297,카페로코코,,(주)알비컴퍼니,경예지,2020-11-02,2020-11-25,042-487-4606,-,법인,160111-0570732,627-86-01899,우 : 35288 대전광역시 서구 갈마로 226 지하1층
298,커피나무,53,(주)커피나무,백지연,2014-11-07,2014-11-13,02-1577-9173,02-821-0744,법인,110111-5558337,108-86-14200,우 : 06970 서울특별시 동작구 상도로53길 65 커피나무 빌딩
299,디다인,,디다인,이제열,-,2022-03-09,1577-4094,-,개인,-,562-08-02045,"우 : 18433 경기도 화성시 동탄지성로 148 107호(능동, 제이스프라자)"
300,요거트온유(YOGURT ON YOU),,라라에프앤비,방미라,-,2019-06-02,02-833-2242,-,개인,-,439-08-01386,우 : 07315 서울특별시 영등포구 도신로53길 15 1층(신길동)
301,ARIA(아리아),,라라에프앤비,방미라,-,2019-06-02,02-833-2242,-,개인,-,439-08-01386,우 : 07315 서울특별시 영등포구 도신로53길 15 1층(신길동)
302,몬트커피(Mond coffee),,(주)앵커트리,"박용진, 김영완",-,2022-06-07,051-514-9001,-,법인,180111-1441045,353-81-02745,"우 : 46292 부산광역시 금정구 장전로18번길 20 1,2층 (장전동)"
303,식물학,,(주)팬텀인터내셔널,이지은,2020-01-02,2020-01-02,02-3775-2023,02-3775-2024,법인,110111-7343132,348-81-01628,"우 : 07332 서울특별시 영등포구 의사당대로1길 11 814호(여의도동, 메종리브르오피스텔)"
304,대한커피,,(주)대한푸드,권오준,2018-12-13,2019-02-01,02-6215-5207,-,법인,110111-6954435,303-88-01172,우 : 04929 서울특별시 광진구 천호대로 571 14층
305,콜프로스터스,,콜프컴퍼니,박영화,-,2022-06-16,052-221-0529,-,개인,-,727-17-02042,우 : 44932 울산광역시 울주군 범서읍 장검길 48 104동 1603호
306,레인보우마카롱,10,(주)알비컴퍼니,경예지,2020-11-02,2020-11-25,042-487-4606,-,법인,160111-0570732,627-86-01899,우 : 35288 대전광역시 서구 갈마로 226 지하1층
307,킁킁커피,6,(주)슬기로운커피생활,강신원,2021-01-18,2021-02-01,1533-1525,042-825-6019,법인,160111-0578356,234-88-01916,우 : 34155 대전광역시 유성구 덕명동로22번길 15 킁킁커피
308,북문당,21,(주)와이에스컴퍼니,이영석,2019-11-08,2019-11-13,1600-2886,-,법인,150111-0276986,192-86-01466,"우 : 28744 충청북도 청주시 상당구 산성로104번길 6 502호(용담동, 현대빌딩)"
309,그린머그,,그린머그코리아,이호경,-,2019-10-04,032-516-1475,-,개인,-,681-26-00774,"우 : 21344 인천광역시 부평구 체육관로 38 10층 1001-1호 (삼산동, 세원빌딩)"
310,어랏커피투고,,어랏커피,"한하얀, 차성민",-,2022-04-08,3230-0508,051-544-5268,개인,-,482-45-00902,우 : 48004 부산광역시 해운대구 반송로 918-1 지하1층
311,이륜당,11,(주)이음에프앤비,유기현,2021-06-29,2021-06-29,001-833-2066,070-8244-1130,법인,161511-0298236,168-88-02068,우 : 31205 충청남도 천안시 동남구 통정6로 5-14 1층(신방동)
312,차얌,147,(주)프로젝트비,윤석제,2016-10-01,2016-10-31,02-1522-1028,02-2294-1028,법인,110111-6209715,352-86-00550,"우 : 04788 서울특별시 성동구 왕십리로16가길 24 1층, 5층 (성수동1가)"
313,고망고,30,(주)프로젝트비,윤석제,2016-10-01,2016-10-31,02-1522-1028,02-2294-1028,법인,110111-6209715,352-86-00550,"우 : 04788 서울특별시 성동구 왕십리로16가길 24 1층, 5층 (성수동1가)"
314,주니아,15,㈜하나패밀리,박상배,2019-07-01,2019-07-01,02-3664-7689,000,법인,124411-0238908,503-86-19415,"우 : 07802 서울특별시 강서구 공항대로 227 7층 710호 (마곡동,마곡센트럴타워1)"
315,더스노우,1,(주)더스노우랩,김수진,2021-07-19,2021-08-01,02-6032-8989,-,법인,220111-0224378,140-88-02191,우 : 63227 제주특별자치도 제주시 승천로 57 3층 엠-17호
316,엘아르카,12,엘아르카,김은철,-,2011-06-01,070-7760-7788,02-0000-0000,개인,-,515-07-32279,우 : 38571 경상북도 경산시 남산면 상대로116길 7-118
317,빵집이야,,(주)팀프에프앤비,노우택,2019-03-28,2019-04-09,02-522-8810,02-516-8803,법인,135711-0138977,154-88-01468,"우 : 06109 서울특별시 강남구 봉은사로37길 7-9 지하2층, 지하1층(논현동)"
318,이태리다방,,(주)아이센스에프앤비,윤석범,2014-07-25,2014-08-05,1544-5860,02-803-9197,법인,110111-5476092,113-86-88422,우 : 08380 서울특별시 구로구 디지털로33길 11 804호
319,솔차니,,솔차니만나,강대수,-,2021-04-16,031-984-3033,031-984-3033,개인,-,686-64-00413,우 : 10078 경기도 김포시 김포한강1로 266 1층 111호
320,솔차니꽈배기,,솔차니만나,강대수,-,2021-04-16,031-984-3033,031-984-3033,개인,-,686-64-00413,우 : 10078 경기도 김포시 김포한강1로 266 1층 111호
321,쉬즈베이글 커피,57,(주)쉬즈베이글,유재영,2018-11-07,2018-11-07,070-7787-5590,070-7966-5590,법인,161511-0240881,561-81-01202,우 : 31132 충청남도 천안시 동남구 중앙로 80 3층
322,카페글렌,32,조이풀컴퍼니(주),최인혁,2009-06-05,2009-07-15,032-551-1003,032-551-1503,법인,120111-0498429,122-86-05560,"우 : 21314 인천광역시 부평구 새벌로 29 312호 313호 314호(청천동, 부평테크노타워)"
323,커피온리,71,(주)커피만컴퍼니,김헌영,2016-07-20,2016-08-22,1588-5049,02-2268-3515,법인,110111-6126737,509-88-00446,우 : 04555 서울특별시 중구 수표로 20-1 5층(충무로3가)
324,카페띠아모,62,(주)베모스,김성동,2006-09-25,2006-09-29,1644-8109,02-463-8398,법인,110111-3533795,206-86-10982,"우 : 12113 경기도 남양주시 별내2로 64 8층 805호(별내동, 쎈타프라자)"
325,매머드익스프레스(Mammoth Express),396,(주)매머드커피랩,"최경환, 김범수",2012-10-30,2012-12-03,02-515-1645,02-516-1645,법인,110111-4991223,105-87-79176,우 : 06029 서울특별시 강남구 논현로159길 34 (신사동)
326,로띠번,95,(주)로띠번코리아,박정은,2012-02-20,2012-03-01,051-311-4884,051-311-0044,법인,180111-0796053,606-86-35669,"우 : 46984 부산광역시 사상구 새벽시장로133번길 11 (감전동, 2층)"
327,토스트카페마리,36,(주)더블유엔씨,노정현,2019-04-10,2019-04-10,1899-2450,02-826-2225,법인,110111-7072848,207-86-01389,우 : 07040 서울특별시 동작구 상도로 392 3층(상도동)
328,꿀복이 꽈배기,18,드림에프에스,주순만,-,2012-04-11,016448930,000,개인,-,134-05-43253,우 : 15274 경기도 안산시 상록구 월피로2길 6 (월피동)
329,와플대학,384,(주)와플대학,손정희,2022-01-10,2022-02-03,02-2285-0031,070-4170-4105,법인,110111-8159075,191-88-02243,우 : 04320 서울특별시 용산구 한강대로 321 1층
330,꺼내먹어요,,투에스제이컴퍼니,"김성주, 황성준",-,2021-04-19,02-0000-0000,02-0000-0000,개인,-,254-31-00960,"우 : 08037 서울특별시 양천구 지양로7길 14 , 103호(신월동, SB빌딩)"
331,루시카토캔디,2,(주)루시카토,강인석,2008-06-23,2008-06-23,02-6925-0036,070-4015-2271,법인,110111-3920265,110-81-82671,우 : 10858 경기도 파주시 탄현면 새오리로 435 _
332,카페아이엠티,27,(주)편안,이태경,2011-10-28,2011-10-28,02-432-3232,02-318-3032,법인,110111-4717158,204-86-31017,우 : 03059 서울특별시 종로구 계동길 19 (계동)
333,랑데자뷰(RENDEJAVOUS),40,(주)랑데자뷰,박귀홍,2021-06-25,2021-06-25,070-4242-5656,000-000-0000,법인,110111-7936755,380-88-01975,우 : 04969 서울특별시 광진구 아차산로 634 4층 402호(광장동)
